funding_millions,sector_growth_pct,inflation_rate,urban_pop_pct
109.93428306022466,61.96391871304234,4.324821725025618,30.460962210613047
97.2347139765763,53.24052540285199,4.8554813292844825,35.698074946102494
112.95377076201385,56.77503723060779,4.207580079000039,37.93197233289178
130.46059712816052,61.99561467555239,4.69203847036096,49.43843828670095
95.31693250553329,51.149582820834596,3.106385333046214,42.78276562266879
95.3172608610164,49.62605735761694,5.213293707372938,33.32259215450054
131.58425631014782,70.26809425521257,5.001205475362224,42.43018144708819
115.34869458305818,60.85020629993893,4.182911368931809,32.26348005530817
90.61051228130096,50.55301971724715,5.659245668432405,45.41345526943537
110.8512008717193,52.74942437805681,5.937570137626558,37.64437674091061
90.73164614375075,51.95279340004701,3.392440135631026,39.531819056304144
90.68540492859486,46.33070048775943,4.237275221433785,46.62898323771095
104.83924543132068,62.79592707878666,4.230857650212702,33.56418215707875
61.73439510684404,27.42125846297418,4.0600968988911355,33.014409074435044
65.50164334973934,41.43064069069592,5.829474841931749,37.08200336826997
88.75424941518054,45.36667862490351,4.8061738612271965,45.191894255096585
79.74337759331152,36.61459877858352,4.735485158689389,32.40326962261579
106.28494665190547,50.72304415568113,2.9961376355932465,25.839222009447155
81.83951848957578,39.31802270381629,5.635418030209227,37.744205707955004
71.75392597329417,37.99779271865667,3.7607416051465274,42.758703999554605
129.31297537843108,67.27066512939304,5.059932630266328,46.00130874869414
95.4844739902693,44.87373697544175,5.277376937958191,37.68419318957301
101.35056409375848,50.553509085574326,6.360658595838651,37.94286696441999
71.50503627573087,46.46386993092476,3.691179600880888,45.769503671278734
89.11234550949635,53.19388860525173,1.9804878441791747,30.6512915015229
102.21845179419732,53.29084424546882,5.183849544753695,38.05739612408495
76.98012845155395,38.680081616617976,6.800511181510854,40.952119449625286
107.51396036691344,54.35713681704802,6.238946352939437,42.24609360642517
87.9872262016239,47.06120296446403,5.209659415274626,37.450966534045584
94.16612500413447,41.96909967607521,4.508363814367953,40.17220505852921
87.96586775541206,42.69605119058931,5.80712259663731,27.55836323293505
137.04556369017877,60.179861475701436,4.026453800295531,36.708757938330756
99.73005550524132,51.86114336564706,5.476357769356219,42.26754356277234
78.84578142088199,42.6588704089547,5.505470159166627,35.0885298287266
116.45089824206377,55.80951680953502,6.06020990749888,40.294921107947985
75.58312700057955,45.66149731673994,7.759660038911077,42.23436250401349
104.1772719000951,45.959807635035844,5.392415967178767,38.287253995711175
60.80659752240449,23.081424360153143,4.491036374292501,40.852318854982855
73.43627902203139,37.84039860381555,4.974425687808005,35.18633717357694
103.93722471738246,57.204103871752004,3.2309240951108817,38.966943601519766
114.76933159990821,65.80430425724344,4.305286868910942,43.05108084794611
103.4273656237994,49.419261497555,4.590717561886896,40.78486480484217
97.68703435223519,54.23692134327407,4.475911602065407,37.06734365218032
93.97792608821422,46.796420696603576,5.152354872033722,41.121082021453965
70.42956019265145,34.35164359662163,4.177580067617799,43.57304895318309
85.60311583210583,47.219857603486275,6.121030667324471,29.75029360711261
90.78722458080425,48.65522668246922,5.000207064918197,45.79537032477949
121.1424445243783,52.689261477267905,4.990699678861386,38.31872630659464
106.87236579136923,60.818884644314096,4.672105283487082,42.12744966620115
64.73919689274533,39.27005521710992,5.155190683858979,45.98623461822614
106.4816793878959,50.1130261864003,5.825098264667635,33.14163151384767
92.29835439167367,48.12819486302388,4.1328697842891,36.45279498786227
86.46155999388083,45.700930928354104,4.341883510924744,38.55725652062148
112.23352577681736,57.420131717528214,4.696273971223335,36.08123239437786
120.61999044991902,57.55846945573241,3.654129076526785,48.67468287918404
118.62560238232398,55.95468435147173,4.180742140278502,35.71613953086604
83.21564953554723,41.480054412816386,4.523779126455341,37.22226610256567
93.81575248297571,52.77152133778468,5.874389180712727,41.02194515801489
106.62526862807128,56.0306350870078,5.262561329001925,33.98925236961956
119.51090254244718,57.90237961079306,5.193589911367544,38.02159644121868
90.4165152430942,49.06675117478882,5.850897962167972,41.587266306250875
96.28682046672365,33.90069713021145,4.862628211600604,38.335697978087445
77.87330051987944,44.68047876180024,5.39046484992889,39.533065705500256
76.07586751838659,29.339364865302798,4.896778247067504,37.353339437758144
116.25051644788397,56.313053516926324,5.265362349399629,32.427648454096165
127.12480057141646,57.96405081257751,4.417241342388418,41.60796605669619
98.55979756839332,42.80649140559213,2.561182841723571,48.774665358236206
120.07065795784048,65.83946291581285,4.865720837813696,40.09200815391719
107.23272050095268,51.277854243916885,6.4227481360999406,41.126320586237746
87.09760490789752,45.28132186260234,5.926215402241592,43.4636137755843
107.22791211016828,53.37935316068822,5.965397484591171,33.6533475172665
130.76073132931938,67.7655698007753,6.236130721806218,48.51257329064803
99.28347921780097,50.025849064201765,5.0886575909614375,41.01164398211401
131.29287311628013,59.23147543719722,5.197315707405596,48.15928449544555
47.60509791820511,28.783883056338254,4.38234810456565,36.334835022380055
116.43805008750448,55.750242127945675,4.683927143972951,49.09030961278913
101.74094136476343,43.08756118908296,5.615771149771142,43.875777470173915
94.01985299068265,44.869350690511766,6.203884437168816,42.76520042926179
101.83521553071004,58.421406718526576,4.860553724319001,41.17012227176574
60.248621707982146,34.37541956455854,4.549810735148588,38.75735690962775
95.60656224324975,46.06002044958558,5.000527958856598,46.00265829236936
107.14225143023492,51.82483719352532,5.601206748929115,40.70179934924023
129.55788089483033,63.17076519132825,3.556145183866458,30.164651482064237
89.63459563452705,55.20103773506773,2.703819046862762,34.414067691464986
83.83012794213624,43.82474123222589,4.449463150508416,39.07077123903626
89.96485912830927,47.13263780010998,3.779287574085841,41.549994915827774
118.30804235404148,64.30543844717995,4.491859802352689,39.717057555500524
106.57502219319369,54.481456891729415,4.852219681182529,46.094853948968314
89.40479592465923,43.4071872332261,4.546751590976987,30.244490679806876
110.26534866226712,54.150925085708664,6.452467534470745,40.7179396825258
101.9415509869608,50.612769196410085,5.32674476460232,30.910103873064227
119.37289981065778,59.50033872277969,5.300474359610829,43.79856147742084
85.95893812245295,46.61761677941137,5.622207144043402,39.52770642778999
93.44675706804463,46.98310796305881,3.861166882219231,42.09804986012059
92.15783693735685,49.74211885475632,6.039111787420269,35.68058519705117
70.72970103735763,34.9612676181359,4.92423571346454,46.39732465828875
105.92240554129152,53.354378722226215,5.670480617241212,45.20862332029426
105.22110544359779,42.619549299138356,3.9281427669598443,42.91772151505944
100.10226913284922,54.63277293993701,3.446241233983936,39.3524137656828
95.30825733249706,49.38657104573849,5.817889658025028,42.89928642647566
71.69258515899172,40.83634312879412,5.376409526097516,36.465537160063256
91.58709354469282,31.312269881377965,4.09794844564249,44.27777829510356
93.14570966946461,57.01472835863594,4.130336918725305,48.2474044716196
83.95445461556761,41.279279167007935,6.12543478441477,45.353052799895934
96.77428576667981,53.92805696702749,3.810588107132672,36.351987650962954
108.08101713629077,48.84097893251773,6.642672953255963,41.807086586365514
137.7237180242106,71.92572853741815,4.099379265352131,33.53429228120676
103.49155625663678,46.47870031245011,5.638391925608383,42.86195155587838
105.15100781445528,49.45665910374861,4.671381524251015,42.253017064312694
98.51108168467665,58.825697611672254,5.603187431082343,30.65091830233918
61.62457569401917,29.858875843192852,4.455885997885807,34.191080780438185
99.46972249101566,50.822025611406445,4.837207093927706,38.58430551628116
101.20460419882053,54.95264075285404,5.040919175395721,38.49570126429587
149.26484224970574,77.1108305647159,3.9978125442185273,33.95261532290597
96.15278070437755,48.828484877906654,5.740824345420126,41.94489364676092
106.03094684667225,54.84027843566725,4.486786433528414,41.25736804470256
99.30576460589513,61.669960229138944,4.771400084659981,39.0286543401074
76.62643924760935,38.02512563863675,4.005650625391488,36.22104249920819
122.85645629030041,62.43372337872505,2.4376663412046895,45.24353563208282
115.03866065373549,62.7726023069058,4.808972237399831,48.27703556544148
115.82063894086093,63.437949135220386,7.412615421612916,37.58219258076731
81.81225090410521,46.841276979854506,5.7846042878980235,36.9391654142259
128.05588621872198,67.22159421950691,4.980739620265606,42.45603832705998
71.96297874415438,30.266464808424775,4.737109170791732,38.20985310126507
111.73714187600541,64.03572859950819,5.022465892812046,39.30301399668383
143.80911251619958,66.17282929300634,5.54711911517521,43.69826575862336
80.18927349738624,41.60781407488829,3.819187184691155,30.453219562463538
88.67404540794456,40.56564345387549,6.114321694668872,46.59151162426335
101.99302730175282,50.67582191791145,5.715381315441244,40.363402621646706
89.93048691767602,46.60905551035541,5.718185725707935,37.9425342771891
68.98673137867735,36.10015176659004,5.438475738809728,39.55382922889275
101.37125949612054,52.795233519236696,5.01961665769399,39.81214677510259
78.7539257254779,47.44551920803218,5.67286123596682,31.343993482775375
109.47184861270364,57.00359581392172,5.591814133741378,47.47469113726618
81.61151531532394,39.584974481208725,4.645959289058976,40.206628161353095
130.9986881003508,70.31977989161719,4.426398227103099,42.21501065223688
84.33493415327526,48.11481952126083,5.101856295261987,44.757748852870215
93.55876967588648,40.641345762258275,6.549020151495188,34.8941877121985
116.27034434739339,61.12217252294599,3.7608929243460993,42.367359495176146
75.3827136713209,41.19722054721494,3.53247473424756,38.661794545506034
104.54919869208258,50.786781829241335,5.164760841236517,44.23385387608247
126.14285508564856,69.94996160938238,5.050887701856018,29.363862898242523
67.85033530877544,33.174889719225085,5.173341664370408,39.504528498793654
103.69267717064608,52.47422085268075,5.243953197908501,36.985896721080195
105.19765588496847,51.73346882106489,4.776797745365195,42.16131475317078
115.6364574355462,57.89612395568044,6.489863438602082,42.35022093684101
75.26098578243835,32.14911745674317,3.3990960215234844,36.46187052588987
73.59086773831447,29.595179456185765,4.171502975219754,36.439130679119785
110.43883131233795,63.191940972293835,4.896745239850953,39.446673157213354
105.93969346466372,48.73503999074022,3.3568111888458327,35.51678886342396
105.00985700691753,47.54796675617723,4.824145595567929,44.209918477260636
106.9289641899395,42.69753152695118,6.661470165728018,38.15396399776277
86.39950556843019,40.00494404576758,5.020886488295962,25.465058903391792
104.64507394322007,45.70708800457254,5.230700905718684,38.12588971689097
105.86144946597362,61.14080053366865,3.73983523482742,34.80728089578014
85.71297163947264,47.90557126644949,4.383638591960523,31.843620922695273
137.31549022289514,65.21699338555895,4.624803619676063,33.81286680888714
109.47665841823576,66.00050823583942,4.682284903243766,40.54704235916485
76.17393005594703,42.99579246293148,6.2816437950037685,46.643204141241156
113.1310721726766,54.94137916879519,5.557691060725125,41.5659223693249
80.50636659545357,27.756154723358918,3.888542043062968,36.9674830589213
115.74169207484904,69.32555890037823,5.246504778432005,42.279520975853515
123.17191158014808,54.63809345625606,5.4982217484967855,37.704548448905044
83.5863536329658,33.56618308169844,6.140149038521266,36.52699815418428
119.26752258488644,64.74661345249142,6.580540686568374,34.22818665883508
108.25561853872996,66.32657130106135,3.9849058081721314,31.240855966241405
116.4412031998898,65.1419656924975,4.1891424887896616,38.050381467202776
137.93585965307895,71.78747542680128,3.7424221410853837,40.79026744960066
95.09223767994258,50.519890548297724,4.765980140893019,39.51688164992555
84.9252767128502,46.72971615032664,5.466358374446335,37.920165360263205
82.20971140748954,44.899498652678595,5.987334516589102,35.27126969651609
83.68379430069123,43.2478542701925,4.9240489763574775,43.04123095842484
98.45796581171791,49.749988425618334,4.680152476745156,33.41434040026708
106.82303949633288,53.09855410866883,5.15175799224874,43.88013956921738
105.53381598660039,48.99708504896681,4.164857098369977,34.98891490536638
116.54366498072048,56.86845710602637,7.089538721694773,36.237823813234826
100.26003783755814,41.66523484780215,3.3923389728819413,32.666074046921615
129.07068154314635,64.04364263759942,5.184740578895725,37.492989265571815
94.70686333524088,42.410476131865856,7.02360621922964,44.87656229238989
154.40338333179238,71.68374507981734,5.006799844559998,42.578140442219784
112.51334695530012,57.15614423341745,4.809960964998505,44.892110560140175
82.85684887167434,48.38843586756017,4.642554577189573,42.61071272966968
78.58215003877775,43.88265804940044,4.819608318237592,34.48165085734816
109.64944830486371,46.97222113431597,6.37284847467653,38.34605387836221
95.53074429348298,42.817231463889804,2.788138088670493,36.099004354412685
114.28000988184183,61.843860880861996,6.5334337012963255,46.6528745201952
109.4647524914709,49.819939278043904,3.576042847549855,34.01605676786844
98.54342174686255,48.148545123446155,4.7333476707655855,44.46848844694556
83.06412563863191,44.28232331443871,4.570755579701338,44.46476935054385
69.70305550628271,30.00980547882318,5.58855326977072,49.14810100858044
91.06970095865958,46.06172801005959,3.4018756481162526,37.951567036852516
117.12797588646944,51.8938604686437,5.462172666081943,43.56161079790081
104.28187488260409,49.13409922154597,7.024309623286852,51.40825918269421
75.08522442576023,39.1415218835928,3.6368259954071895,36.911791615331516
103.46361851702363,43.76684059085347,5.189706167610396,32.324798762338204
107.70634759457674,56.055547487090365,4.3380178222033905,30.59994983046118
82.32285127597734,41.06323664335527,5.425887206193035,43.563560144306656
103.07450211891056,54.29970083154102,5.0191477774157525,30.584248959707082
101.16417436892,51.701657854783306,4.35851309095569,38.13840473531039
77.14059404338754,45.39099917156299,5.487872284871074,42.18656593519481
107.15574720696567,54.20399611672237,6.804348109786743,40.92587768414957
111.21569052736469,53.46081755805608,4.809096208272702,42.12722432092086
121.66102486350553,61.44199994691419,5.719757942148182,41.11144927900427
121.07604104069806,63.25451066553097,3.7067270421288363,46.39432906656697
72.44661264085818,36.46760667205761,4.043563623181991,35.23841809630601
81.24349920169755,40.82470805686818,5.472406277880378,36.615024307707344
110.3007053441732,51.640394233052824,6.484116028535965,36.13670277364588
110.27571901824417,51.82335492136735,5.35561334878566,44.15095905931305
110.30095372612095,48.13745050406201,4.6869419694768455,44.50199294197532
177.05462981309444,97.27519862248191,4.999291405423354,42.25612659659254
111.41781021386333,49.48958892997524,3.7495922660302825,45.91746833444964
122.71131280361197,57.89113041282645,5.604515326355367,34.1097956631181
119.08003526986406,55.94798130708604,5.88233306232341,48.336120557755685
113.02782502611596,60.988534397780185,4.54790966716692,47.61619310856129
93.69461510719309,45.372559162136405,4.529957852240498,43.67810998622873
115.17938440986535,63.82840256830134,5.265878229652048,48.9089945438553
84.54349570924856,38.90429473340494,4.563280263959404,31.71688396161113
95.26362786519982,49.02678474371892,4.933867385374177,37.37775931868674
90.29272904341794,40.96962925541018,7.099721789166516,36.32348269659024
101.63748278772646,61.54448703273017,4.752974299254003,43.607396618786716
146.29317133347018,67.20859357158753,4.641659847978778,34.749296301989276
62.65469614816504,32.876451625217655,4.352458194364841,43.78747574668743
113.72520380749027,60.03148630840563,5.744191971499937,46.85268071998357
67.74568257620697,35.941836775360976,4.818775826781897,43.47601450042
90.56136268421133,44.35424304771713,4.350626961678574,41.41875511830751
121.77901193934733,60.24040247100653,6.321304032273012,35.06063329549625
101.28560038190926,50.86185755085018,6.419603004513637,35.765745169373176
78.44510444141387,38.48754221256449,4.399576434261295,46.248094526483335
85.69392581480064,47.666358491374865,3.1334600486393835,43.89674501952666
113.59195497869352,67.84859249730351,6.007513689836922,39.80490240311228
85.39266736565727,39.90887475778947,4.315370174239996,37.91045227117055
104.3291717916395,45.31557099792436,5.790625599162769,29.870960634443115
100.91143679807628,50.01430815728187,3.0298961822881645,34.64573790657781
86.96799304788365,56.38254321221342,5.892597338299309,49.55709543569861
142.8788817865065,67.4210680534046,3.7888280707192186,33.597722144987664
112.67838044636022,64.53477425040045,5.730764119066524,40.9473991061054
59.49714826684786,38.137078203806134,5.0142730678364344,45.03721986597599
103.72908629538856,49.096601939154304,4.046060580603355,33.72538665998854
86.76427070463224,46.2270507482425,4.59296368707322,40.923552373905416
117.04866669592448,66.66631646360493,5.686318456956701,44.689577687553275
84.14958523134598,40.17915391073556,5.105894453115234,40.062496609536254
97.70527117066202,47.8347337848192,5.584412980472484,54.34201527833384
110.09974557960915,52.141468220061356,6.976440584515485,31.65700370560902
117.31510388340243,53.58376828823688,3.4357583882889484,45.2936426494194
75.99407185888447,34.750648204112196,6.617212574968624,39.135991313017676
93.30997528318103,40.53528630777923,5.104355937523213,43.85960077418338
90.50109377678088,45.42096422968657,4.101215951676872,42.20653575849623
86.93341534852576,39.61684151896967,3.66968637426101,36.334219014450014
135.30908480562192,68.8234719617647,4.810879609222966,41.144981962296704
108.09963421921911,46.27033887859142,5.92165011192446,30.710492743008565
74.78232091329909,39.04556161772183,4.872450879622466,43.01623750285697
118.35723894109552,63.34626427859238,6.511154930247347,41.490792329952626
142.44312394025266,61.25288375726905,3.548824309948441,43.19330084321551
120.64930521102293,62.19493545474933,4.987911052153946,45.29059162543575
69.61260068091974,40.94464530282633,3.7476065555868807,41.83809920104856
90.31531854267497,39.10945417788146,5.363631882624968,40.74044709899138
125.33822298373245,71.03197342605475,5.8868873900973,35.59465831669354
85.84661068762438,45.01840039064241,4.579238206318947,36.43889618175474
108.87638856292457,50.913135002670245,2.3957861433728658,45.93367310088666
115.49268106858673,57.467495146004836,5.198948146796495,47.18167702852989
81.46139056843833,43.52232984682778,5.43673855173351,38.80944781843973
98.809492878764,49.78477339644406,5.404294754961698,40.23001373626637
35.17465319861854,20.28110656154112,6.235782191822154,35.47692812503117
79.51224717331421,35.15275562126027,3.928946320350951,45.86378422633722
94.9486369721368,48.321122606248785,5.68021610545045,43.32708411845889
75.04433636070301,30.453595695826607,6.192507512477975,49.70608718231875
132.64822607863272,65.76798273257286,3.221412415993483,35.608384614101304
71.39717244078734,31.179048013069725,5.319651825918977,38.10996050490891
91.19911026606033,41.92190542008133,4.495820168992329,41.15722961262786
102.61481154572182,57.4878716489131,4.918477326898354,43.23244768862885
128.82546578132232,69.86928349363251,5.347676483538336,38.92166181226184
71.2827569764112,38.68706909274149,4.512771435886448,35.6351945477315
123.26327504309918,56.1700736981867,4.324291920838388,44.40703764461786
100.20466122039174,48.52028836172186,5.034152417488024,43.60567681272791
80.36982697904098,46.2504019894164,3.912754061137197,35.41862949718138
109.24206948526542,55.329619310832236,3.9141748711148145,46.777214005527476
103.9811939114694,63.587244655643175,5.679373282956504,45.850993545983016
87.9956624568241,45.96442042538391,3.851205964841344,40.671482486238965
101.39604169980038,51.658266432350345,5.666312500909212,40.39798931188018
92.2937280627648,44.60128171036989,5.4625912928539515,42.77028885557954
102.27034690502497,51.80287797642389,3.2741932712094033,35.691484648718706
113.24261349042094,55.85895756330775,4.322435347664345,40.15015739582041
131.72033632290703,69.40071154489647,6.1941094030473725,29.2380822769541
75.24369002346302,42.40535659570443,4.018834468860319,44.382278227514675
142.66066749312535,67.40038644402293,4.535595737690612,32.1925338877907
60.958244009549965,23.822957236986092,5.462060893251897,47.51709914214499
96.96429809928833,39.30112218412768,5.7833905092825955,38.34939953016775
111.76634412969153,58.42312869940849,4.748461113955504,38.94166509034412
105.61983735470065,47.29308564648096,4.402489805308359,36.861330469577474
87.54600960358812,33.008551837031646,6.422369861698508,38.55980563038962
95.83755499285449,49.86167051908207,6.738899663797579,47.092656725740184
90.13998130682334,57.53498824057563,5.978858050781795,27.5609567173246
88.21270486111577,44.075997872858416,5.085318142565024,46.38482693044094
116.99204194042049,62.68847484246845,4.191734278359074,41.69011740550854
107.14030971930094,53.979301652388294,4.169555593443435,33.964891760713925
86.14180809478691,42.576455781437744,5.522514105265757,34.62343803475381
117.99199750866501,63.591381169271344,5.418398220888684,48.38196513604102
106.14599041753219,51.62162248782284,6.40159859294643,35.272465600286345
116.2572423767792,59.465582758749115,5.650450092536139,34.233247447020204
112.59257683847224,57.90477745021619,3.4969196982401822,45.68657271182364
83.42009978155855,38.36959762256403,6.051947617722918,41.69276438142957
88.79637919606061,49.35840134571292,4.001939372685587,35.310372117318
114.94587210246523,56.598137267755575,4.616028728047649,41.083124877023096
112.2074053086693,52.32497685687042,5.250200206251694,34.87123658179861
99.58196812071704,52.47353327821054,6.995667489783965,45.50410699211302
102.34654766617564,46.68093392413263,8.109918556005361,45.306854824365665
125.5532979157685,62.91755474472989,5.606723059136183,42.66003099410972
88.1685722232834,44.03869112842069,4.8168033812796125,41.808305306235084
110.94194762340075,60.900451640858265,5.53450564848055,48.80594062433687
95.95614695132213,50.35156464006083,5.887655425873836,39.99843163694113
95.6463759354556,47.69805317400208,4.679332374442808,34.090629372896
121.9755370397438,65.07660001587334,6.795211355912322,42.24736956416153
116.5083269797606,65.20520123496686,5.230070759191402,50.43023524768557
116.27019272001277,60.9241478917657,5.4977430890913945,34.92620253407074
126.10957614308658,63.1065511707602,5.665924252054461,38.19268616653007
100.42007683265518,43.65085725457679,5.4215866106144555,42.08223019050726
113.63905942589928,51.493961397572775,5.838940500469612,39.7304757549713
93.79466486813088,45.371208912292104,4.3827468134530765,35.08848209811343
106.48332704976885,50.19410251408801,4.44169824605397,45.60928928115236
97.39713891264631,47.76371294139592,3.899845767028305,51.6002036100863
101.93991929985437,51.25320927441272,5.439501230620227,40.980657295119535
111.90314050873828,58.60003402615279,5.778936503512114,35.47965855132
83.63558633533054,41.465299277369816,5.457772866151886,32.255197374732624
141.8477455137092,73.35638097598562,6.674492433347537,41.2898799061059
79.87965237000596,40.26219825905358,4.9944039811709535,45.51938671658129
75.71622774424536,27.98078104035332,5.6687416555925125,42.37583873247691
123.16221747000135,56.8844317659069,3.9082991238606857,39.98798079540573
115.83325387925872,57.19618916102128,4.612900297525599,37.05364174105347
112.4823963410431,50.192724456316014,5.695537757565777,34.539181836409554
112.5669101852856,59.28309874262382,5.849102110743144,44.173756631624414
99.7550645430617,57.53128643324934,4.706033052335818,44.56885810692793
82.05491257028336,47.12126554362827,4.928400748141933,32.27135106654633
101.51609116387452,49.69083122728622,3.4821262533191906,47.94919489090342
86.45676576975777,50.68201356912864,4.642970799193391,42.870356104470005
119.50239466835502,60.49453462018807,5.890383163519786,46.99797322572897
97.05885236995722,46.84399632938842,5.575205016106566,33.28936125757443
83.49005606414977,38.678014714370185,5.50066572138121,33.17087922292281
93.57228316694014,45.27379315102943,5.04977368718096,39.255153451163515
108.25862908551248,52.1884304500501,5.007063158628177,42.51392213447597
88.7255089439205,45.21483558383769,4.339678860526553,48.98180411463482
83.55559208867137,42.58066594958501,5.698828420202535,43.53039456907566
104.87374422983825,52.452102215686196,5.42097294438939,38.786593615939836
104.89933142217446,54.634356559818976,5.492018847992799,34.86815396167054
89.8611364925774,50.88379962022041,4.47396515733242,46.15000286359575
90.57923388763355,50.03738762102339,2.8466570801287556,35.176472871246425
104.64099874715272,44.89600953132684,6.097152711753695,48.14234277386161
71.03831317005351,22.74955091051698,4.521162543991596,38.57807675196745
71.8507245124689,40.59696181243082,4.13722423595688,47.95291036308925
85.63111557495128,35.981164295398536,5.693478911913994,43.394656450296395
95.73105696576306,46.74170147341811,4.6079873600808705,39.31502255278771
106.2181513119601,47.25851052568325,6.059936384046622,37.403018140869364
129.50712433899105,55.74365998159543,5.617005949576697,38.295460613269604
117.15319246404039,61.28390987304413,5.683569323200477,42.14158346187619
96.80122940073146,52.196390501878966,3.6340442887994655,40.38578248108858
99.61967584194622,46.92728591733951,6.211943985386401,37.03094295965647
79.94941270724382,27.019494892897363,5.261250531233856,39.171842948411836
99.6297372801522,47.083646398813684,4.630722860753797,40.39288514859575
94.22682722159723,49.07243363781135,5.143388467342251,29.35632952792594
106.45437120676179,45.83262775951025,3.22376476710168,42.29084057394349
83.45538112895355,42.64449016337255,5.408652811480671,35.10139387641597
110.38693028482345,55.11691589654675,3.970628491817928,34.233337983971275
130.65477826005156,68.22384662803123,3.6473297141564656,31.56327826444645
97.82479703086285,49.510300357502196,3.477640813782109,31.03053751066055
108.03423444197882,49.15177251658164,6.112688374989926,33.222762484438555
113.80287983422225,62.88429742543359,4.3707366063072115,36.45489521184755
91.97559056228327,45.19514741600678,6.5337277099165,49.76629568763284
104.48184963620834,52.10440212055451,4.464198536947702,37.37060162052398
100.2518480156359,45.45958421245197,3.2926420424070533,40.88875053134016
101.95352197097664,48.760349729530766,3.883475560051341,42.00240693253164
84.53980432289067,37.84588859131083,6.235811620006938,40.65532593107925
100.49020348517885,49.38037144297231,4.844101822063332,39.61278269637003
109.95996582490899,63.53852531316621,4.451712703509399,34.02353118200378
129.02287215590084,57.65193036329364,5.160018225852788,47.25463774139606
119.18541652170414,51.524901271468366,5.501782736167545,49.03598321818943
143.06364915023113,78.88767621258361,6.117398815902461,31.58670652938657
84.65304874223901,41.27990598536017,6.448499229892926,34.8798570455681
117.44641273441357,55.3778426739072,4.640231354210914,38.60094828811497
103.66684011476704,57.032943494363906,3.6739523139179617,35.17731102544904
143.79605866435344,68.8699516334924,4.586534838876724,42.52982776727933
83.83403429289697,51.04706571418317,5.260280506582886,36.358638987966934
83.20556315638447,44.99241093488858,4.036241073789389,50.825280339033014
88.01214709111956,41.56651650483126,4.042849085104957,45.95274297171798
57.52208551380386,39.547583823229445,5.343787881549885,41.06287015316107
89.48489956638478,41.7138751681757,4.951347648429548,45.13493131659866
84.81734676892604,46.119150244509555,5.032796995411586,45.52950212178654
103.00787572952416,53.00040076679454,4.241504665299931,37.18026255970879
106.83511951554318,59.92626620476558,4.769599285794233,35.91891377729018
137.52341678431773,76.56926437579313,4.075766855731696,40.39071531484824
119.008476763721,59.66425912718934,5.8901984111247865,44.30818062248972
88.46192688675194,40.46387409164505,6.035249334723753,40.69530199326709
82.03170657303284,43.315714001212,3.153812137761906,32.11501758904501
109.83838343013011,51.530614866304525,4.07048913980759,35.98587778024579
73.59533585958715,46.86460416742669,3.503470744909921,39.63013568202811
136.62917531708706,68.99726431395722,4.3499760655931015,39.62167197837085
123.58880241442574,59.96779345065233,4.916562030209639,49.86271088394904
90.6164869579059,46.231645008277496,3.55035478030147,33.07006028800501
65.73730941818245,26.13302326144274,4.078140186874687,42.527946209179376
127.07744748330825,58.68065354910087,3.9960426279185013,47.44556554164145
97.70920309494764,54.85667108719595,5.2072673293989435,51.35724872711398
124.75632623946923,59.09369172487764,5.0693443370362505,37.978012884080194
68.11144682411266,28.82116849864663,4.278262446662747,42.457147263601
88.01249954092454,46.6895135330987,5.176820872139398,42.84880178599323
100.10487399436366,55.980957770496815,4.4533199154127345,40.97740865776645
100.93961187529484,54.06457249097276,4.728344889673947,39.50577399380347
90.99869057041512,50.47958371423664,6.673452090298537,42.17987694750023
112.45699864694997,52.444523880627685,6.3404610517903475,27.338769573901573
78.6475914123481,32.21474237246483,3.7004187630724026,43.410347450313154
97.15241029957413,56.0828734095645,5.829732417879175,40.630889518309836
102.40591263423798,49.58955712290831,5.811396554491592,38.88762551610867
110.28877668117498,53.890223258312254,3.8517367112473817,50.23431097859779
114.2322975617778,63.75711949013419,5.818777643754861,36.62532990604724
77.50715816324262,41.53472912862461,6.537931918412553,37.98462005467485
69.31771658528756,36.93829715305181,3.877455193755586,49.95776651102367
125.55353643797018,73.60177994349051,4.0824971789857365,35.839693475750714
106.64628023959183,50.1055489678952,6.017661466843503,37.2494235853173
85.03026926886892,47.15433527484065,5.271495310825648,39.26487288284575
131.02303951045047,65.79658537971066,5.551476275239523,44.20367241064775
102.31349268585717,52.49970773724487,5.340589216400497,41.03901253676657
123.58594368127653,69.43531397270092,5.390695920928144,33.536873264238686
101.35036962820217,53.21436359554921,3.673527871688917,37.339157184364055
141.21495849763974,73.29895964406803,6.047317706621448,36.963227833938944
135.10681684886407,72.91594511098104,6.169589992427774,39.61389477388477
95.02071703041852,45.685594867494835,4.770609255931972,42.129218293149144
119.43141901908712,55.51966117284853,4.956523050186138,42.09102877943986
112.90751899170294,51.229713525746305,3.468892497444278,31.11994122975799
127.37263115064698,53.85453262844348,5.514254756017835,45.31970493780428
80.70153078839792,50.631801043900566,5.572057441714144,41.262844229983116
113.72102919996878,51.344472771375976,4.937808983000689,46.92266023796953
121.16848973699176,59.47797675056702,6.1243533598705024,42.22099163645336
64.82521027153771,31.028538636324253,4.665922769020059,45.50661478867881
76.3348297466845,39.70444836238776,5.5646059258936,42.33272655725064
59.21535644479799,33.68636428509548,3.980335661307884,46.73112878101374
94.61186331110885,51.608299097353154,4.976447849125762,42.611253180088895
114.35084511591924,54.26003536511493,4.825645742097164,39.51042376778548
130.04714104192055,64.18796195202822,5.225307922040941,51.36217360223441
101.4818956083955,52.15384755663925,4.630473071166642,44.44518561139946
132.57231091142583,65.04269982479518,4.868527404328332,42.868722105022066
72.39797083570217,44.23571329795105,5.826047171441506,33.61847791730832
65.9323512128969,35.42105036463971,4.563235762761782,33.55846191268231
98.88904602206762,53.118911941282896,3.3934228992613207,41.46357741070927
107.68130897878615,57.155060832730136,6.749583904205421,40.727605988841205
99.34610503811814,55.540421806485696,6.381454078690487,36.92938717495842
58.65115799920247,30.23068679311977,3.7077373048943816,40.7049134980603
98.21759920974424,42.62463986509289,5.689707805245194,47.94313464021798
73.91060998990294,38.95374475371467,4.497025229448657,43.477012372751496
113.39345097660077,53.43994101934124,5.263487215331059,34.29495745123631
107.33196492193696,51.02289905221969,5.294224129013494,39.44245586428528
81.2024042734529,43.53302223050191,4.765592199683678,35.9751675957372
89.72266165326613,51.05274618380125,4.2162343344136035,38.06150041795719
78.81572956222097,39.51422266479079,4.309458947683741,37.93192167185179
98.74641805453656,50.9173740902631,4.083808084518758,37.611772086979975
119.10284641002477,68.06249792818858,4.168177791769555,33.72432314013302
80.28547907328912,41.346505434087405,4.932821709950645,39.36172659240905
110.08093031035689,68.04888072608043,4.284240010889248,37.19696181576345
89.39484763255118,47.52497204443331,5.68205206571262,25.352756549988662
84.14254335475312,33.267457881597466,6.487246155335927,50.26486012250832
97.85939280090885,52.696404505977085,4.419946758629957,45.44384827108336
79.29515355161251,41.55336870022015,5.239404500535377,38.11849637537502
88.92701389305635,50.912270716941904,5.499685110302934,40.09409524870299
76.04244214822303,41.38712783046131,5.472002270919274,34.14172826341219
139.2945026583278,68.95497140924502,5.075955267916087,48.47861438905433
100.70527103943458,44.23114433827046,5.742682418359722,49.486443473865556
86.00548984014829,41.95762863364401,5.482248952680657,40.78346864123262
104.27959821468444,47.88719683629572,3.762337577672702,45.11765322092673
97.7534390061834,45.974102254068086,5.869156064389273,40.87643389466962
95.58060800933553,50.73319602677081,5.887290837266742,33.31637280562035
112.2833340008685,64.49118952219129,4.236713895821419,37.940883155181716
115.1501542009461,59.548434749587955,5.037937835447602,40.659639833859785
89.38997704778944,38.7155732137188,5.683328992811069,37.72726140628278
88.4836351871064,46.464830934653904,4.790686180420638,38.90673361282482
94.49896605696712,53.23264046171182,6.072978047766012,39.543002212454425
53.9615767052883,23.93187383104724,7.363872494619361,39.59560751067269
69.69617875602896,34.17800354464989,4.214013967365018,40.26129245248742
127.3374853488905,63.742183648091235,3.618955396846225,34.69697466801699
132.89935427002567,62.52518556960163,5.303818595604875,36.41491925436032
95.01927920887243,50.751041773655515,5.721562505126143,33.57707867150015
111.53113926111533,55.160828887518754,4.769133626155231,44.889077748431
106.22500309087073,55.2101637649705,6.453260663321034,29.471765290798377
161.57761616910477,76.35134719554189,3.661394200276751,45.767951716584626
122.39149822869153,59.00845761272871,5.692918623031611,46.93174698631422
97.44164817038467,52.33273087433119,4.394139179241106,38.489097065086895
80.88919118799149,38.58042983353691,6.7193779062072965,26.984314560863506
67.87107359484855,42.570356053591304,6.992515353168118,38.193447190163546
104.06927271734446,50.03645543059922,4.2333434122166524,39.67907919355591
84.87298509431393,43.5599161759164,4.4504428640914195,34.947008900355435
71.55492580804652,40.44041706338871,5.859587886979802,37.423908030958785
87.06854231514947,36.44244249290958,4.612869350210485,47.65097599431676
78.3690399277121,30.380475903952167,4.954588782067762,43.324635811508706
133.74283270145128,59.24313477787516,5.02538842054241,35.3771794281095
117.63279513898901,65.12931808663042,3.080326843802344,32.01200415202284
99.84054717366766,47.16098285737159,4.986162253905762,38.36491341195114
129.59888277780053,77.59043781724152,4.310272225935826,38.932716103247806
101.54736615295236,47.95244508318924,4.506877177600228,42.48099593681658
82.77431597343472,42.30991450270255,6.443632003468814,37.323416437161704
130.46248154539313,72.94179053553594,3.7434931057207437,42.55749787680931
110.77820087369318,65.4195648776422,5.813205186747977,49.675770200301145
79.25507691347087,49.93505633991742,4.721037069668191,44.07750511222131
96.19322643832784,54.138444372129634,4.720239831504165,39.759557463346134
82.48763493230486,46.36413009520974,5.790371896051711,39.08424764473352
72.34400538071327,39.13463743636255,5.34005129456889,38.21663432910064
118.52355095063282,63.1535808561496,5.570612997219531,45.903204562260726
138.1883328094026,66.33823782305863,5.968184660532861,36.863432770243485
72.02864852361718,31.923329844697054,4.668691616816678,40.22611354499991
111.25938473381142,55.61282007985095,4.38776326549225,40.255989509405424
86.98714861756346,42.64265119615709,3.914849473442202,37.49107903594234
90.25749232470608,42.862605915716664,4.174589470021045,33.13767226057949
88.15212151522262,47.55799799489488,7.949094425308726,41.61487251808834
82.72018460640368,46.13661834605439,6.244679580736786,39.69498014072308
100.97043255889653,50.9272507109075,3.6489256337919787,42.50120234718285
83.38099767177924,49.07814924116593,3.67754204325643,37.33199846780417
105.40913651559677,46.996122687130864,5.481866061718492,46.10410649406524
98.99523781101726,48.52932160911004,5.5472647973779665,35.61613109394078
95.2210390626718,44.02640792832188,5.548883835317365,48.56020142008946
81.84872675916804,31.591680294218722,4.745044206446302,31.261817450858693
88.46457338863334,43.818883265103175,4.8745457399970995,42.17385032278445
115.10782451651512,56.94517471634114,5.327879524159357,42.37715341263312
110.01834375248761,62.57642059245446,5.085893006293331,36.02221466029559
80.44889510402898,43.378505974788375,2.780699627252465,42.12196968930506
101.98664610858452,45.87238893264624,4.770200369424806,46.3975933488008
115.02774246743579,66.78433406538883,4.148593565739686,28.915905803229677
66.61189437757257,39.411115666413046,5.175211418908512,42.513724037454075
110.8672038475987,58.34409044114243,7.98525900260341,27.53364589834961
86.74752482108306,42.24134191629237,5.367481665474305,35.17167598238396
111.41197337186318,50.90879050231419,4.686470313827602,48.145831824504725
84.73481686914967,40.50637455421957,5.921801501977252,37.09108983303973
63.90235798670962,37.39492209187574,5.482687887209213,34.13060017795514
67.44915124233674,43.14750715084141,5.4200944904518416,39.01031135507659
100.96169893322764,58.19706710797476,5.606850593215671,50.339531690817765
105.19445003442964,50.15297790828345,7.056543564829541,30.84158876396987
81.91366749791183,35.35874658251086,3.8691115646740846,34.743450441803276
112.77184917554747,57.090355822329755,5.473632076811454,47.48715841589813
66.7695987546208,24.542602549496145,4.0736188700184615,49.288511717688664
98.67840402705367,50.95504058445074,5.555512646342248,39.48284387854858
75.77967600475087,37.15182507088209,4.0813134885139055,33.80473648736679
86.96327784395682,41.151456412637195,4.582633186394916,50.479217509045796
100.94797342632828,42.50047137683016,4.704910085762093,47.97221195874599
82.79173269432096,43.963866880009064,5.975816719344709,43.39473493881116
92.30888911540349,43.490940359392184,5.918454443942414,35.9379882553129
120.1258561842888,54.213343913592965,3.7542826235536157,39.754853295809816
88.46216260953702,29.86977023836026,5.054934110999849,39.19819959477584
116.71384224130284,58.21934659539824,4.2904201452508275,41.65425652307789
77.40586290684763,47.56418943677254,3.7414950893246655,47.255007190656684
110.59608355830565,63.604337851892176,4.782982949575629,44.39708520568701
128.83137241315802,62.13020492364765,4.6915172115441806,34.61311961507621
50.56710999745421,22.2724946969182,7.426716486345523,46.88248225009769
84.06209489059046,44.37491872567035,5.4329598253606965,41.56566070006578
111.5414425436108,50.77879407586394,3.622382499245763,43.43532897929458
95.93909227914014,49.4785056386674,4.435225995829057,47.33270429639302
107.42291746742617,57.54186012563654,6.021383295429398,34.442098752432244
87.92029626568359,50.09481425226333,7.088442772869925,39.82087210646768
101.731795749458,50.365127492329236,3.4140166877620417,37.342727243203925
96.88645529215842,47.424858895194376,3.120075614860955,32.160702873172724
123.35564123319614,57.287907682815266,6.870965175371782,41.7335498880246
105.08841686602426,48.40980666281283,5.389614177370904,52.55778275792212
106.75205324150404,52.243632161244385,4.131707268123634,30.799611277471236
91.76246067755065,47.718057872856214,5.534629086122435,39.838596944752645
90.24787551855013,49.69186089044131,2.3642522609831222,43.20271467537387
91.34883624360758,41.658523368402065,5.003375506597161,40.61539100828091
107.88904284756593,61.40796426858057,5.327821172843085,39.434359737421296
91.58031038359474,44.43453718658452,5.92427013953783,33.50391818277088
105.79549713792827,52.790912097221955,3.986104047707462,41.16393371470082
141.50801597290877,67.01794959071526,5.085687161403359,36.21618011492037
117.42249406863385,46.59004573295222,4.074575373940412,29.050391475107233
93.47952935664318,51.15999166012684,5.255383755674317,45.972961102568654
124.02427844327889,65.69635870710161,4.104653677636976,44.791929099210215
91.83849253956897,44.51260848419342,4.5918991608397794,40.2583048842554
59.23750929644292,29.95370823434582,4.004184605209771,41.14537344102851
79.83827378165192,42.49883297934646,5.651136241823657,45.371590063577806
62.58416157948289,23.47935150530873,5.858451116656665,41.12169828389041
92.96973031917383,43.839601772855445,4.765379430042586,44.52008777380657
100.36836758379103,54.15550719000465,5.038237994960029,38.51258899563075
133.52874624550566,60.492926006906586,3.551408585366456,46.55991869286973
106.53854747528325,54.737063398474774,4.700323351993213,41.60392862966342
95.61798942382272,41.02608568879434,4.949795382958255,40.97025971802937
116.58811162366979,60.626205724002524,7.6207930910299755,33.64969455643984
55.7772938198423,27.710439498433733,3.8880329742258364,41.434779271508546
104.71229116217131,44.28048650155811,6.464177238752438,35.840225412527744
115.41730387773933,63.53234871115552,5.996858773465808,36.80858636735753
70.42827508440317,31.541179658211338,5.280636404490137,35.92312185841939
122.87508086413858,57.386278246997385,6.758620484195133,34.66882534050387
106.76992814988829,54.38781006109886,5.372105472606863,50.62385701508481
91.69424172198397,51.59030760813556,5.389159195667928,46.656695309942016
112.6556373221257,51.24870956617087,4.946879346982454,49.60183751072131
145.41385715608791,73.01532782728381,6.223568882418627,33.88552490222218
103.6373251011699,53.96274505223782,6.0964692338108835,40.35626874955446
104.96441172600672,55.947733899319076,4.374322712503788,33.53246187397952
90.81278200919512,46.28859878098368,3.680752805401233,36.52152561401468
83.00311261070416,39.66641710993547,4.797019362604343,35.40936508291713
116.60671633088491,54.16540706219885,4.199961435602353,46.197920032207804
82.87832348182266,41.86988115614321,4.936475425384645,38.0188516094912
101.43132474438785,45.35496731226589,6.237438134684139,45.341896668470085
90.44685106469767,30.6166731148758,4.54269834491321,43.02060444794259
109.57959651492784,56.97259727825226,4.957176618688425,51.51819376052394
106.67324210573896,57.856295258300456,5.058022734808395,32.60277888430138
120.75079888515799,48.5607372648698,5.848430882205284,46.296166198933996
89.79967202290506,39.85118248790284,2.753110666015395,45.732204352003635
94.60250129413258,50.39702195209228,4.393299705234703,35.13310580986483
80.42472568435386,50.499840190735426,5.211283692279473,45.0356666823658
91.11413479847776,45.66103593761592,6.200078956426861,41.68072481513114
107.54600986089704,50.13299022430285,4.508097552493795,38.862618700232964
115.13977233290704,56.65540396092932,3.123447293958126,35.880322565140006
81.5566935164475,47.652728853964675,5.619711445966137,36.40445274275407
117.3921184021132,55.46623830543392,4.364637611174371,50.24906047892963
127.11275717609902,59.56041855479825,3.8103333409096387,40.003414094787416
108.26869806447402,51.72063142132685,4.375654610286776,43.910650007657296
137.53591625116132,64.0013150842871,4.81547464234415,36.04550309166223
84.52421601792854,42.87545958893825,4.395255335461787,36.1007352688918
75.10690593377166,45.67684525923363,2.794433942900931,45.409924046249714
64.42559502191443,33.82819387653736,5.897066196887132,33.25211894224234
129.92088622978366,63.698675604260394,6.274875041278722,37.92393116047364
113.08731312708116,55.08460021896286,5.651521991339505,40.17013705536116
98.8883065817909,41.62819924741216,3.8623143295751836,40.55686300920026
105.59937252639641,57.215235148934,4.798508466052482,39.104533574919216
77.49021905403247,38.35592354195222,4.993478684770542,41.97909890547962
148.91503959233654,73.55512022821515,5.598794389561911,43.46427877908906
102.58442363950455,67.25774965897658,5.668340488718081,43.67318772729665
102.18789589209786,52.58771248787736,4.265826201221504,35.07098095666087
114.51533247797384,53.498710988511,5.081995556413561,38.57922451035601
109.62018463473427,52.67830433633942,5.457280404615241,45.973814309384686
104.47768048558262,57.98106878877509,6.4558223221467665,44.47323593786936
84.19051089109377,42.6616074982357,5.704506539824723,33.13570274259468
109.42936714271991,47.52329367977312,5.789056687375519,41.75739950176101
137.6404899295007,73.41638963762637,5.083826627929361,30.10887375312595
126.90840092309955,60.113480033854806,6.410459145203504,40.23467451030185
131.86373253278794,75.2983551474817,5.409762795959497,49.48883508372988
89.7756864713763,50.28808356426139,4.138912089826429,35.26053641365507
80.20790359482838,37.86734231912043,6.4033699701251905,35.82838477254209
97.48426159800704,55.14721260767908,5.697903272539028,43.8201489078643
101.11449824577389,50.89652667552396,4.5569559788715175,32.28599242395177
121.88383036941897,65.20578356032058,4.520507032600757,36.83622485057481
66.15070740570361,35.49901778932418,5.296575545140762,42.98220568790876
130.59100638921228,61.063719919651774,5.463184795267585,36.82857076155298
96.83984202842021,45.2021718526228,5.197292265631207,38.82015006394514
91.4623786010516,50.880993388431605,5.311308673442885,43.72092855157517
79.75791249479664,38.205079586865615,6.69995737457638,42.10773041768281
66.90286656268461,31.43319096513232,6.071543152234886,41.33409198147701
116.46341167923829,53.45609294287238,5.190635591265024,38.304388603649805
101.46635934376808,52.851174999851345,5.9413105807674835,41.85030557634478
74.20078200517892,47.41301559880519,3.9674760964724607,39.38133659950122
74.09842455872769,31.71154770809248,5.397927049946809,42.289028049628925
93.28430601419744,46.76325029046251,6.80930634973311,37.51533987441011
133.38043050578784,73.75131802997106,4.781954104607626,39.087155128102296
94.8081729727279,47.005879530135374,4.152366071380915,35.05021103723993
69.93714093763788,37.23042945006761,4.3479111114069395,39.824961949968824
95.08513871828112,42.23060171840616,3.9103669626576116,35.94499568185577
94.54552860504658,49.414299788561536,4.215238091872297,34.429767749190034
46.06226714116857,22.09541224556154,4.629491901409971,41.29330573927694
98.91410266964375,54.38570131322119,3.5944329808213578,41.0636988792883
95.38130939582643,53.62758495573697,5.015618333949603,43.91436867474286
113.92412729626837,69.90988185822725,5.902277173786647,37.84437215212451
136.9791218989069,71.38772681552133,4.0922438198530795,42.04026423418378
122.53130059095514,62.8946318783884,6.519283923641769,42.753987861368316
94.62222618890338,48.28303460233837,5.5107920885275945,42.223869039157975
77.86948182516659,37.16890944852985,6.030580585624057,35.87173158598929
151.4671960649972,77.42601724980706,4.342165446147863,40.74681741135594
101.18436868028977,49.11517728944973,5.854525227066616,41.82070148027331
100.27858583825892,50.98159780047753,3.908066099604687,40.03589233453971
99.51749825779993,56.34673680693976,5.890247500836509,29.567611708144575
103.9616952153571,46.948134781280345,5.171839339793531,40.8024481198674
97.11279176152115,54.2557886864058,5.553251219984784,51.06265519698621
88.52675986239527,50.84895526789696,3.824405394375148,38.19980365621509
89.06282117519216,43.94106795264069,4.104930157723396,36.3596145107234
99.34493459568003,39.06319280279704,5.597228218253385,41.86674279855699
89.1315045773247,41.52664235319019,4.051651995775799,41.56189105233286
85.74308434645671,49.3565149060339,5.463206292099123,45.96367582708207
102.12860455383793,50.949961965424556,3.6328621935397543,33.71065922045556
94.90045565158289,42.45371666431689,5.8481742126666685,43.65690126287496
130.0798597716538,62.51605527968581,3.767476685231491,42.95211030625732
46.980603832139764,27.693402048592645,5.552299937679523,39.289267315297266
121.83013703844924,63.64873636023152,5.625630933646001,41.69343658960845
124.92170384995258,61.266191429127815,4.303228181570425,45.14728740799178
58.53219535183701,27.43197561684507,5.582026567084727,44.36157690014225
93.14624811839303,44.614333313977404,5.260442263333556,34.28490343963136
92.57118268008418,41.673540417549574,4.461158143807261,44.100790933777425
71.84976610564357,44.001761500168996,3.9914453159237917,39.67655697483741
84.4436662481825,40.61023077803455,3.037374308327421,40.364370490077576
77.78848309068343,44.9800341494692,5.3496500472996935,40.36598495500847
135.04540886847246,75.12928469384849,3.4351972286379446,39.2487850560087
118.71356786294922,64.34833842221441,5.095344199441308,45.958537485535324
125.43110189988317,60.557449386351344,4.736551783917751,39.58141020075394
114.4334412808647,59.2353710921154,5.679142775438195,34.402269358084155
77.41896457565542,38.58850425587313,4.697954500510136,38.032350720151356
89.50959467440452,40.236288033551624,4.6705522136529085,40.89347358405238
109.78749122455837,56.515542020887196,5.731870704288296,46.146073921485254
75.55744382216109,31.883522955281535,5.335058029084117,43.015473424744165
114.25996860344776,63.0683812440317,5.316155957182779,35.74732360626478
95.1934920368373,45.27365953192668,5.469267589808526,52.425949583394456
92.50358384900805,47.257590203868226,3.464427876792894,41.3238765548899
114.21919936406982,58.52603903976562,5.756788679986982,46.37695368999508
108.8852662297208,53.148108246340016,5.612468794013602,39.24142783211386
92.7806766836184,49.32380734918557,3.9833168714235025,42.66679622352725
123.18659606728497,59.21877975052986,4.7559195263257985,44.197342522592024
78.37873344800205,43.545853211287245,4.960692712372369,46.09097355877128
112.31871213888527,49.4294576682089,4.865503215598268,45.28684152689112
111.86202515936768,56.5629104774159,5.333859966568535,44.36098500036489
93.80907121372019,56.59918060215152,6.4313667818311835,38.42456634402946
106.52266044484236,48.25967359939331,6.081766727672829,37.141269790219695
74.97772847229393,34.10013938352271,3.6877808065685937,41.66303755162099
118.48054038413802,61.80980944036359,5.6220699903060485,44.66564036170534
96.30195727114022,49.0488875452681,6.32893331953541,38.886396496116966
89.54553958961921,46.5259202911774,5.386808520689202,45.325859828571936
120.98018451673778,62.93602790910721,6.0909804251859665,47.263083727430896
85.91312618914482,46.13017043738126,7.012270445700765,35.4183954046329
71.83077407272881,41.46388624614552,6.023709546106981,35.8153964810186
68.86741652952193,36.48280154940353,5.249308595641729,39.29812470547332
112.12019902691279,54.85381124036368,6.0450884740847535,41.53806334094598
74.39141295007434,40.558574981050825,5.144887833096891,37.37716493116474
135.0958836396873,77.04735149431973,5.023903043284956,46.76101339433572
58.36141184232556,28.51753718924991,4.648585764286268,42.12033430759226
133.92912736580075,62.091917159547165,6.563413358832108,40.1972352412037
104.22034934405237,57.645578018461045,4.181571334057999,32.820452380657365
98.06573776259215,48.43096306152808,6.5323677246781156,33.42092091786246
89.10161826382101,33.687461401840324,5.499864123740371,41.40504625140903
107.98272228704141,58.228469529272814,3.6006938251980585,29.33702186922582
99.24730595150304,46.94701204598191,5.3676492929914215,45.06318704822036
122.06603764033042,60.58035240864441,2.899973492348376,39.2092307781384
102.28455297324079,52.80217813946547,5.625508016831036,56.215464847973664
103.00603522923755,52.45551601351411,5.885231482988991,51.539581253080556
92.72775575572288,49.911136963556636,4.407644044347946,39.09275465376242
98.86108752557865,47.25311190994011,5.123547695955582,39.468314987343426
106.15603537784118,55.643546679801005,6.954157433750286,44.977907570010146
65.7966321468675,31.600582685514162,4.494253295738063,48.51586304959019
73.03629155788573,40.21219818338038,3.9410924129433997,31.809854712819917
114.8652818804543,60.50947836029242,6.4816634024625985,31.06812267322657
103.41730876255883,47.03146087105644,6.962587190530795,36.889825972228095
96.32033327294641,53.590077217348366,5.003695671847847,42.913687915869325
100.36867866130787,47.504522105083694,6.011463035408356,42.48436795253799
106.95163410723342,57.51610604502243,6.341475915530881,45.348857274919254
89.20480639381277,46.43883976391309,4.257515767461616,34.00151235817346
84.43390549195375,51.40787112995249,4.5146941646321315,28.419280685155616
103.91690510195363,50.84112263911756,6.230874513154735,44.29007097651073
80.43254444769936,38.46968824325869,6.685014278708509,35.859018635173825
108.16505511428943,53.98542952770605,5.562880860174355,29.90756067805681
65.9483279152432,31.458265043450222,4.120185646497946,40.72531872979691
120.58311274651288,64.29126588296668,6.987061111699441,43.96587844109339
109.45194964826086,46.64442178194749,4.469029102188036,39.38971433939361
105.12059468627751,47.29188524740699,4.6648622188285485,37.710758069087554
119.65381967891028,54.48789523155918,5.342337834489621,39.20318883927047
133.30948888925153,71.40628240449364,6.554160420714775,38.14708618799609
120.2874013003626,68.69676751309093,5.853975976552224,33.259764440299165
63.182515373367096,31.06901159399619,5.414865500361911,36.42659661504784
74.40846066528597,36.36012171669293,5.463288530118106,42.60639952506907
87.50362844608642,44.10207503860912,5.043514668643466,41.6083927068825
100.52182100421668,56.07030201514929,5.558139514518507,40.8402990298341
110.35318040938246,50.53982453373836,2.470439922305697,35.0242575907331
85.48512373693069,43.93440678213927,4.703392540930202,39.09248418932167
103.73533528954157,56.74365579368293,5.2413219349167814,29.114674767785726
84.89234135293356,44.95164152616601,3.848985916380493,40.89238331942695
87.76964394016103,44.832730053074236,5.38632331781156,47.14428853906784
71.86677806303555,40.93861949435348,4.795528779013878,32.62933933978947
81.53533507778192,27.251506073894774,6.7554756983154896,37.070361633411224
72.96630788767332,39.8725305414912,6.573019725214857,41.64553389355065
80.48253494045335,36.970889054589556,4.534194430881837,46.26421317213742
121.07283593215679,51.38325348179611,4.8491622884333045,37.758876918499254
81.01202222336114,43.062024109305476,4.9260524343916074,36.53874835367052
152.64764129674782,83.1921133741887,4.548340523840377,30.155384287919585
109.86635801761778,54.24593643567043,5.195024984028127,40.517190646540534
103.69672247389748,56.61273397296343,4.24171793111241,50.21038020071872
82.83284439637573,49.47781348813109,3.8693846650624737,41.38679230982338
114.00619758817983,63.577671062010154,5.622711223900269,39.888605104081435
88.48724347524453,52.44344438447923,5.629529584221811,41.61041155383493
102.44019629290723,54.930735601813076,4.195684240340007,39.94453998025699
151.2016907653759,75.97801357719591,5.895355430762599,35.93492813869935
98.078802005507,41.029571943267655,4.368422270834668,44.116399578388524
122.98546652571352,60.26242082220702,5.253165238037981,41.12880761555877
85.93647149748224,38.75200277216016,5.820344012612456,40.08806625966829
99.30023019006076,60.504828682519445,4.966387435296287,35.12316986360875
135.4160127127102,66.82857729419342,5.454740912141134,46.517539659673794
87.46065884424465,44.34635345604475,4.483570356112429,43.32351372666555
136.24897115993858,70.88191246017162,4.803533416571903,37.23539581316349
114.1550387091095,57.29553158641702,4.7941405691196595,45.009124268409685
88.75066448211464,52.85058744321108,4.253421653459761,37.51214580807397
112.64815478111042,53.21083058188295,4.823225836884218,36.08998253744482
119.4510889925346,60.69858177245351,3.4513817011362535,36.20148441259857
112.43619924434392,52.50574669368172,4.508846252857896,31.144657234559546
68.59550560219087,27.697640244991906,4.715124506630329,42.357711902091026
85.45725648350263,39.66978278722489,4.74382024750462,30.84427560830825
95.0496272889699,47.33962965924289,4.758502554129221,33.857780843671186
98.51133141799907,47.10915458641324,4.938235800139871,29.622059954607334
112.41344195101357,52.744616076137504,5.479441518086064,39.569651536045534
103.55402001866507,44.74542269097336,5.874517074132522,39.24839769864064
73.29311282579798,36.231028549755514,4.350234773151733,38.36651893406818
107.60395702011927,46.27837663990462,3.7967991446108558,34.78711152664712
112.21171490567646,59.90613727128624,3.957955587756897,34.1388312328168
111.1958089586208,56.01010324398292,4.512797078805073,42.32184931773287
121.61561451109243,53.52004975822156,4.648078682183491,37.24724034145756
116.67844309097808,56.793176160239724,4.230003933802543,41.58179160768072
109.18360158456873,50.83101876433145,3.7038833357501053,35.57375656937889
98.59668577082707,50.89421543750944,4.543879172525812,40.90531371385541
66.78078132968017,40.09264289495581,5.181426620113971,46.51639018658032
108.59236438265171,44.92031984309713,5.595029465835565,42.930829001963914
104.15375374326223,52.6520072673682,4.442576946891679,37.9379309089176
105.43157674390747,51.91512439412053,4.587002177856566,41.285994851779634
74.46502848359381,40.589214624049234,4.07330169115269,38.796674127348936
78.37886919183475,40.25541773710582,4.968560829625224,40.03940092347364
121.06305706665808,56.77168187463494,4.151571365809185,38.37194473925748
99.2088969228669,48.00917878310036,5.5731278132412,39.17832397057305
113.63001394745248,52.8348776897088,3.214133508065889,41.060466765370876
100.56636752260923,55.663219454297604,4.640370327547537,35.033206502090245
100.59512278991491,50.40411963831717,5.301107339191742,34.920605865050106
118.76567611951995,68.88879148852502,5.183834516322504,33.05728723084395
89.67910543565252,44.53624864875315,7.693033663980497,31.99864447748145
101.92241553881966,47.41917393485752,5.349800024567908,33.913586538897604
90.75449422589915,37.80867514988544,3.9959454031579895,40.79731253402065
91.31007545135368,36.639339344397115,4.904535752910927,35.53606242254058
93.81655753062721,38.98759905028616,3.2237536665335482,42.56807232115548
104.44267543267426,53.55697097139455,4.919400250703239,40.17356874376281
90.42502756673045,47.756138899514895,4.166943942999241,30.15747893280973
125.11512251147042,54.651607745574545,5.915390275560162,43.27487792110845
82.10785395560993,45.52911854818554,4.450459725404465,44.05399322795855
96.26256711677281,45.71597829996921,4.883234084204753,35.03068662582574
91.2053788345165,46.336654477185995,4.364442158595597,42.10095771447496
128.93955768707465,72.53088198481444,6.738851351853331,35.71750881295401
103.93109553023149,56.4497443444434,4.678757233882088,40.48835188374168
120.6368907893727,58.97579215515719,6.832557043479202,33.677507965225175
70.28879253926056,30.688435142553843,5.814151762118266,31.034467737327116
105.34100531738518,41.91142565204606,5.482066727335386,38.085914051935156
117.79261591246873,55.300541360022265,5.36873314731752,39.38135526862582
101.64567978550848,49.76718869861577,5.393797298216252,38.01160153192698
121.30960750130703,55.71890611489759,3.07232742065439,34.0798472088872
89.65423099799256,44.17083066353475,4.721116605849243,38.00050468934432
128.1869488037116,64.47773381664965,5.845157971184322,41.34647376290367
145.977962472385,71.8647013271521,4.951102816525895,39.77553484938731
92.74322879120682,43.12160149148611,3.594810153196425,40.91250515299607
91.08994957198456,46.38824814582592,4.94759554942253,36.64942399772884
129.067689542354,66.74354801902405,6.704105516255491,45.8585895735808
131.59144291461425,60.34372607009289,6.246891715534719,34.119133317226094
89.54279945693463,51.82606162719867,4.9379959906339685,42.437801485433596
91.59626365808285,45.305191167620116,5.951449277058087,45.909455464799805
94.36430782278985,47.276402026119165,4.633492979631948,42.404540463744475
73.11098977931445,40.09656700594001,3.296128413173281,38.98737886467585
81.62696107031604,41.97956119147553,4.075534011870445,37.358514766685104
79.91718466495864,44.72427550204554,6.562888768508198,45.18043825523128
84.64404869791743,43.757645174967834,4.726006918170696,32.885125373691636
99.30630225226437,46.59096425293,4.756616020624982,35.149378698101785
104.68429465073041,54.149664951395714,4.70016180372512,38.01221117254139
131.01000985628153,59.78637389153745,6.904136589573007,46.18826878755999
80.03291918522419,40.55925812149471,6.625958915362063,41.89883818020448
119.68644796953167,59.67707403154353,7.218780233448134,35.15977120744877
95.72022311548982,46.819527271382206,4.840954789599949,38.44846147307548
99.01072580695134,48.862675346281016,5.295624488747095,36.928384279518525
113.49638984333208,47.33894969417784,3.483357450579209,36.45105503883232
77.54555956875403,36.02915524567221,6.476934426118275,44.89444779278389
107.64819492368102,54.28832196754608,3.8322204487320652,33.14128435368247
103.32904416426112,52.46380404211756,5.216775563762629,48.04390427867187
109.84902528016298,49.786136935451694,3.902697472367156,44.14114845092311
105.78337287815636,59.22022564340168,4.4111331732613035,45.45430835301849
149.1060027982179,70.22212715803644,4.1627375689503,37.68530243987371
87.24520031497369,48.469886160120524,4.392124739324182,39.250296404604455
89.38006089996365,46.82600225934025,4.460877296851021,32.83424092737644
87.53718947150472,40.53745818653334,4.451731205074923,37.37668796466598
88.8904576167949,53.321783271445014,5.833333911780307,42.468274238215756
87.25225745386965,37.65794456815242,3.8951372069374797,46.48031530890698
123.78033062215104,66.48593617912553,5.220541427013867,34.464215915987744
128.4100849597971,69.20795407011344,6.217959152305559,38.17247031507367
88.58507412501048,40.93943601712201,4.486803635486604,39.24350389883739
83.35288853791542,48.638770769279354,4.282081109252398,33.021053989037576
109.42831112772808,53.46392299086928,4.769475374819749,42.956746208792
88.95553911438057,45.92123770358957,6.17972520836071,36.38004834128695
112.65863635511022,57.63092737141121,5.194107630953358,39.02304824411488
104.058460417026,51.35768650116026,4.468785705392402,37.740253140440615
69.68511770005536,38.89660021582659,5.48387665118804,36.05330747140163
130.95010402660122,69.44249561606168,3.8977078501635765,39.96477507259723
135.91755346191044,59.21611686476432,5.681359510442948,38.92195210715989
87.74422619031228,50.3938143095469,5.408607307701768,38.14071058860667
92.24596880128031,37.810524460461785,4.692191528861116,36.357691891598286
105.7173078144981,58.02138492895734,4.161414201552769,41.59762335391478
106.6891357997405,58.978093584008164,4.113319077716543,48.26808634246142
113.1708854534566,51.13061057565231,5.5348173363459106,40.69943616419564
140.204090775327,68.04797394789057,6.228980502489062,44.98059107455565
96.461055450119,42.70200438262982,4.362692252971205,33.048890374232684
84.03405510923092,40.94242240317178,5.458386703551485,40.788807196468845
72.41361543970946,34.66663629892602,2.9129729813979313,34.513158405144665
85.38139920116161,46.589002261927504,4.415382269342801,32.615375362340494
99.33746054252406,56.22027400186007,4.968941067129098,36.30314296270482
135.89115727035576,74.92399768912766,4.090316583018167,45.959496672067864
89.64777401927657,42.01304687674677,4.063493625210404,44.75007914334823
104.47575903277797,51.19177014766635,4.332220443531114,41.215023610272
99.67154207854496,41.41858007816773,5.292192728326373,32.33649720055035
123.76786546896167,57.85458240199989,4.812670981593626,39.018596743060314
150.53864851747244,80.09358242422351,2.761768766675028,41.50850004450868
89.38262454159359,52.76922638853795,2.879299847364934,40.87768114789299
90.21121114963556,38.93386121541817,4.393134822142825,30.78103208259627
120.88321754138144,57.47928747492625,5.457686586053552,35.54841075990064
113.63782979252623,56.68688611146848,2.2524951572747653,39.67961117925642
136.93414651472068,69.86787905145837,4.500269823848369,42.68145454758595
111.67856370651927,51.791264253651406,4.473752143482579,29.019360894500267
92.81415818425882,48.527384314449854,6.388337778208448,39.18938012260071
111.81309661384618,53.537351571568514,4.614978188287136,40.71524384939476
122.17407161165815,61.01477445143768,5.382988984740928,44.248059942581065
116.40964362394729,60.93624305199214,5.141257140087463,43.464287921187186
110.14548062214595,55.104851660127665,2.8694335201927994,42.91285659404403
121.33349379178307,58.48481744325869,5.768207216631737,36.00029746649033
123.38591180891345,61.14490688482757,5.215396505456288,30.459989314383463
127.64317982075055,63.3797751143486,5.50826863967459,38.034736214693
112.97419775179286,54.63704372648579,8.926237706436327,45.0081591260428
96.65763839366291,47.034838883495944,2.9158870605014116,46.96727263762216
102.93427372866645,59.46037271685681,6.724696649761109,43.55274551148893
124.13017933016714,64.86968690478976,4.712552480599644,42.14670411400867
83.66128658025528,40.35324169998184,5.287328904403009,41.898198241929826
107.37346617745803,57.17150511128269,4.954487754698758,37.219406266196096
92.13322375345278,44.39751442794634,4.575763666601956,39.3496985322319
100.57489645869634,56.15307141728138,4.430167071761241,48.34534762913165
125.56903725214598,64.63272958706345,5.329508735573009,35.28720997104062
103.82198136039807,51.374479960177894,3.482826303328321,48.07389395354926
100.92873096312297,52.702950110612875,5.7505791675217655,38.38985922753971
72.80287718040162,28.547057829858314,4.583805595114746,46.62716054547539
114.92507132054442,51.82869831572318,3.869930660959642,32.96592495251231
112.9096836228215,50.485216779415474,4.549987142004186,42.92952100582325
143.2650944661092,72.34726270687312,6.257149216862572,36.31614932026189
93.84443530093998,55.58479264789545,4.4646649129837765,32.923664040379066
104.38300655327878,63.34800400760255,5.35845361820962,41.09267021205473
104.9876736742151,55.68409234431134,4.2690437242845265,45.04735894297984
131.5490655952695,68.27875517235704,5.757921849923619,35.77529280703252
98.09408935226095,40.04175600536678,5.685507738790204,32.504920197707996
105.58043051540679,50.07684625903329,6.848608833296412,39.540776178325224
112.15793019433079,52.1400463376242,4.824436054500785,39.562823356114095
103.73218246312716,48.761853240308,5.668654804757907,42.74159813777249
91.07132770898943,44.69494476157077,5.0980675395389445,44.74797285682244
103.88179985796616,49.58044704049744,6.295871781863014,39.70292409363753
121.47263499719544,50.83981844671878,4.28116761239127,49.27751657397131
79.4696940117788,43.47439828647707,5.745005312877281,41.12117372267646
102.65939348293752,45.965981612769724,4.805302703883318,38.2678674699655
85.99758370121654,44.19502617116402,4.935811822891503,31.94216320448586
123.90093257849685,72.32087963799829,5.091752484448373,38.686702398419165
69.5362619043245,30.171207994230137,5.252240396426678,38.31806527294432
88.82156305456823,31.759343913552467,4.883770956878042,44.80152398140735
107.54423750129041,52.34209764124465,5.2147131831705265,42.31241812033427
131.31048058468681,71.16003846733626,6.578118057562184,34.10315439183692
98.68499477854024,59.13423466037309,5.985449685615219,40.86127193205519
88.89600946613604,38.30025676080594,5.869154592496897,43.357655858645266
137.6231413888118,71.29506681058851,4.544460473976129,47.640156796939166
71.03972199167512,33.19330871193729,4.110759171771676,44.4375198370703
56.023880867598365,27.482198662278503,5.955300558237753,43.804233271557386
108.80028900106664,67.6218612356185,5.876046792529794,40.300429973075815
89.95891551294778,37.464606114498125,6.472670675750982,41.94156002711725
79.57534365738573,41.05637013616573,4.396019374030771,46.24752450353079
114.16712894598706,59.42203033182069,4.770451344639653,33.33611301260175
104.87601427542398,57.86693876240873,3.3605158374745656,38.25280336391522
88.71842738526543,44.84912945998719,4.6075288939391275,36.137156256218795
74.39391202658211,38.73720871081157,5.996570510579447,41.89576559363062
117.44914656560289,56.76633044569249,4.533504620771802,46.15111087825394
113.00402355917322,57.84764648581215,5.640479795200823,37.01512856639463
98.01648272441234,47.292279984719116,4.809496894002189,28.04847816265281
136.9327399209533,71.57422940975691,5.324057028221561,37.93889627487765
78.59830467347695,37.4511006565203,3.8523086101843327,44.567368660087034
69.48949658150522,36.630250260263544,5.085209449633901,42.6881495147494
86.16183860237511,42.934605232762664,2.0088640290992767,42.14093123905288
99.08827967289004,55.17439109030586,4.813103841838015,38.6000334906276
104.86678898645384,52.17642587528449,3.36952675628486,33.60484631890107
95.1752788428734,38.72247708040229,6.205994516546816,42.57647160812234
107.04110793028593,59.83016146871292,5.777407352764511,35.828590949826875
74.96921151619112,32.95594425378247,5.466670981966081,50.920483666902285
128.8752920814652,61.16881434748851,6.52100622715938,42.85253604177258
98.35697643214863,46.20018174585685,4.051083479175163,37.09675848723025
122.34591663176255,68.04514878173536,6.747363197915558,36.94307376305686
106.85450692755408,42.74888239388356,5.932191564260385,39.53527896693206
109.13506438307567,70.2562748598378,4.7634447127810535,38.802490389891254
111.39534560464408,60.977956847652294,6.135620147182944,45.58416887764977
108.9541712003463,55.59328017081894,3.893706487588366,40.93208084872023
112.85445519735087,56.152757595594004,4.175485838472326,36.34184130545736
126.58305060264863,64.7192956756126,4.3914102767603,49.45220342577891
103.9304233940294,54.570823838911394,4.471022291935984,40.246541657601114
114.18007515177024,60.3161155056354,3.9434423572397472,43.844198379844485
98.20528611425547,51.88066538714498,6.223083067095325,36.958867462776205
128.80234430898946,64.84907556077097,4.741145599630168,41.815578138722614
86.4721539588146,42.24938487787067,5.35250496835688,41.555549955715975
136.0188086582163,67.25303791084059,4.42964863358632,30.551753539519236
99.19684098711313,48.623879091793164,3.179396699451483,50.076375552303205
71.38449795763904,41.361099463154844,5.270057358391422,46.45322230461274
102.56208829821578,54.2488277605122,3.087745024580223,38.01402341927006
86.37896685050238,28.487540251929786,4.931365953914532,34.48865129772072
116.81287097977449,61.68593937253605,3.6316849611671893,41.73780806901776
86.94752041395218,44.44744118056996,6.987275999230808,40.433488497071984
91.07633133570441,45.444621885622716,5.911362722174721,41.778344742816145
62.209185381089384,29.162000425100263,5.10575379127148,40.95788698097045
90.95387361501847,51.0975004074393,6.263706677654668,42.53120494652963
51.52241346742087,30.498839044324725,4.153684022534264,47.23652849695903
68.32194353028554,30.296583426024725,5.543479378670093,42.84051602564323
115.20829312288595,59.639407997065646,5.199810433718714,34.751722505450296
115.71600317301665,52.999717913801895,5.26402008133367,46.81281426356226
108.50915123569929,47.356484793905,6.272353500106767,48.20307281744144
80.66047713741574,37.19665244575805,5.732492102779802,55.760283672560426
99.0457728771604,53.834853800493995,5.288723662825023,34.38252983380201
99.92794921818863,54.729599835974746,3.345112563771704,41.21441006575137
76.83270621614915,40.98178020856104,4.039953704720537,29.589506484055065
130.067966035343,68.65946195191148,4.8772910664042755,42.765745781896044
117.54724581151342,61.3545143413315,5.093372374276651,37.25899850916613
95.58071652340672,44.5829502855886,3.869796275326076,49.617228974124764
100.53771677989062,52.42847111331501,7.411676675578422,36.12692514990709
104.16765615895105,56.08587570561394,6.516394055253572,31.554084810163694
59.16530263151419,33.35410796482496,5.602118320392483,37.6436812964874
95.05645234958806,53.472793032167246,5.0720368612837445,30.12256114391431
86.36031504004403,46.721676756027335,4.787791030098848,43.75549727253655
79.96759980210169,41.74104093875876,4.0480815399777645,29.674584768718397
94.3779941422809,52.53974826272258,5.077480518518863,40.14228790591579
135.95373053699046,67.84425897224993,5.257752540142751,29.610940900719015
112.8168572253402,51.999055356531514,3.7582394245183757,38.39851097731679
88.57642020434406,43.47287528245321,5.3341764172448976,48.21689077902267
111.45165562712317,52.00131458952934,4.844740951175251,41.803239457178975
